{"cameraMode":{"drawMode":0,"name":"Shaded","section":"Shading Mode"},"sceneLighting":true,"audioPlay":false,"sceneViewState":{"m_AlwaysRefresh":false,"showFog":true,"showSkybox":true,"showFlares":true,"showImageEffects":true,"showParticleSystems":true,"showVisualEffectGraphs":true,"m_FxEnabled":true},"in2DMode":false,"pivot":{"x":-0.556109607219696,"y":-0.1165749728679657,"z":-2.8093345165252687},"rotation":{"x":-0.3118189573287964,"y":0.10627303272485733,"z":0.035192035138607028,"w":0.9435201287269592},"size":0.5489421486854553,"orthographic":false}