{"cameraMode":{"drawMode":0,"name":"Shaded","section":"Shading Mode"},"sceneLighting":false,"audioPlay":false,"sceneViewState":{"m_AlwaysRefresh":false,"showFog":true,"showSkybox":false,"showFlares":true,"showImageEffects":true,"showParticleSystems":true,"showVisualEffectGraphs":true,"m_FxEnabled":true},"in2DMode":false,"pivot":{"x":-2.0882139205932619,"y":-0.3177855610847473,"z":-2.686246156692505},"rotation":{"x":0.5977904796600342,"y":-0.010825332254171372,"z":0.008074034005403519,"w":0.8015386462211609},"size":0.8660253882408142,"orthographic":false}